lipid,salt conc (mono),salt conc (di),pH,Rh,temp,zeta,sd,ref,notes,,,
DMPC,100,5,7.4,60,25,2.03,0.346,this study,none,,,
POPG,100,5,7.4,60,25,-24.1,0.416,this study,none,,,
DMPC/POPG 85:15,100,5,7.4,60,25,-2.89,1.175,this study,none,,,
DMPC/POPG 70:30,100,5,7.4,60,25,-8.25,0.746,this study,none,,,
DMPC/POPG 55:45,100,5,7.4,60,25,-16.23,1.185,this study,none,,,
DMPC/POPG 20:80,100,5,7.4,60,25,-21.88,0.419,this study,none,,,
DMPG,100,5,7.4,60,25,-22,0.361,this study,none,,,
DMPC/DMPG 90:10,100,5,7.4,60,25,-3.78,0.33,this study,none,,,
DMPC/DMPG 75:25,100,5,7.4,60,25,-8.23,1.01,this study,none,,,
DMPC/DMPG 61:39,100,5,7.4,60,25,-9.63,1.3,this study,none,,,
DMPC/DMPG 53:47,100,5,7.4,60,25,-12.19,2.79,this study,none,,,
DMPC/DMPG 33:67,100,5,7.4,60,25,-14.37,1.1,this study,none,,,
DMPC/DMPG 28:72,100,5,7.4,60,25,-17.03,0.31,this study,none,,,
DMPC/DMPG 12:88,100,5,7.4,60,25,-18.57,0.49,this study,none,,,
DMPC,10,5,7.4,60,25,-3.79,0.42,this study,none,,,
DMPC,10,5,9.5,60,25,-6.16,0.68,this study,none,,,
DMPC/DMPG 50:50,10,5,9.5,60,25,-53,0.43,this study,none,,,
DMPG,10,5,9.5,60,25,-66.36,0.15,this study,none,,,
DMPC,50,0,8.5,60,25,-1.67,1.2,this study,none,,,
DMPG,50,0,9.5,60,25,-36.6,0.56,this study,none,,,
DMPG,50,0,9.5,60,25,-43.93,1.25,this study,none,,,
DMPC,100,0,7.4,60,25,-2.336666667,0.438216081,this study,none,,,
DMPC/DMPG 50:50,100,0,7.4,60,25,-19.9,0.781024968,this study,none,,,
DMPG,100,0,7.4,60,25,-22.1,0.264575131,this study,none,,,
DMPC,100,0,8.5,60,25,-2.12,0.081,this study,none,,,
DMPG,100,0,8.5,60,25,-33.63,0.153,this study,none,,,
DMPC,50,0,8.5,60,25,-3.61,0.285,this study,none,,,
DMPG,50,0,8.5,60,25,-38.3,0.913,this study,none,,,
DSPC/Chol/DOTAP 58:35:7,10,0,7.7,85,25,34,3,"Smith, Crist, Clogsten, McNeil, 2017",none,,,
DSPC/Chol/DOTAP 57:38:6,10,0,7.7,80,25,25,2,"Smith, Crist, Clogsten, McNeil, 2017",none,,,
DSPC/Chol/DOTAP 61:34:5,10,0,7.7,98,25,25,1,"Smith, Crist, Clogsten, McNeil, 2017",none,,,
DSPC/Chol/DOTAP 59:36:5,10,0,7.7,96,25,26,2,"Smith, Crist, Clogsten, McNeil, 2017",none,,,
DSPC/Chol/DOTAP 57:39:3,10,0,7.7,77,25,14,1,"Smith, Crist, Clogsten, McNeil, 2017",none,,,
DSPC/Chol/DOTAP 61:36:3,10,0,7.7,73,25,15,2,"Smith, Crist, Clogsten, McNeil, 2017",none,,,
DSPC/Chol/DOTAP 62:36:3,10,0,7.7,95,25,14,1,"Smith, Crist, Clogsten, McNeil, 2017",none,,,
DSPC/Chol/DOTAP 62:36:2,10,0,7.7,97,25,11,1,"Smith, Crist, Clogsten, McNeil, 2017",none,,,
DSPC/Chol/LP 62:38:0.2,10,0,7.7,105,25,-9,1,"Smith, Crist, Clogsten, McNeil, 2017",none,,,
DSPC/Chol/LP 58:40:2,10,0,7.7,85,25,-10,1,"Smith, Crist, Clogsten, McNeil, 2017",none,,,
DSPC/Chol/LP 63:34:3,10,0,7.7,97,25,-9,1,"Smith, Crist, Clogsten, McNeil, 2017",none,,,
DSPC/Chol/LP 55:34:10,10,0,7.7,109,25,-11,1,"Smith, Crist, Clogsten, McNeil, 2017",none,,,
DSPC/Chol/DOPS 62:35:3,10,0,7.7,70,25,-27,2,"Smith, Crist, Clogsten, McNeil, 2017",none,,,
DSPC/Chol/DOPS 62:34:4,10,0,7.7,92,25,-23,1,"Smith, Crist, Clogsten, McNeil, 2017",none,,,
DSPC/Chol/DOPS 55:40:6,10,0,7.7,90,25,-35,1,"Smith, Crist, Clogsten, McNeil, 2017",none,,,
DSPC/Chol/DOPS 62:31:7,10,0,7.7,68,25,-45,1,"Smith, Crist, Clogsten, McNeil, 2017",none,,,
DSPC/Chol/DOPS 62:31:7,10,0,3.8,68,25,-21,1,"Smith, Crist, Clogsten, McNeil, 2017",none,,,
DSPC/Chol/DOPS 62:31:7,10,0,5.8,68,25,-36,3,"Smith, Crist, Clogsten, McNeil, 2017",none,,,
DSPC/Chol/DOPS 62:31:7,0,0,7.6,68,25,-63,2,"Smith, Crist, Clogsten, McNeil, 2017",none,,,
DSPC/Chol/DOPS 62:31:7,20,0,7.7,68,25,-37,1,"Smith, Crist, Clogsten, McNeil, 2017",none,,,
DSPC/Chol/DOPS 62:31:7,30,0,7.6,68,25,-32,2,"Smith, Crist, Clogsten, McNeil, 2017",none,,,
DSPC/Chol/DOPS 62:31:7,40,0,7.6,68,25,-26,2,"Smith, Crist, Clogsten, McNeil, 2017",none,,,
DSPC/Chol/DOPS 62:31:7,50,0,7.6,68,25,-21,3,"Smith, Crist, Clogsten, McNeil, 2017",none,,,
DSPC/Chol/DOPS 55:36:9,10,0,7.7,86,25,-45,4,"Smith, Crist, Clogsten, McNeil, 2017",none,,,
DC-Chol,100,0,7.4,152,25,63,1.5,"Soemaa, Willemsa, Jiskootb, Amorija, Kerstenab, 2015",none,,,
DOTAP,100,0,7.4,172,25,72,4,"Soemaa, Willemsa, Jiskootb, Amorija, Kerstenab, 2015",none,,,
DOTAP,100,0,7.4,168,25,70,3.5,"Soemaa, Willemsa, Jiskootb, Amorija, Kerstenab, 2015",none,,,
EPC,100,0,7.4,205,25,6,0.1,"Soemaa, Willemsa, Jiskootb, Amorija, Kerstenab, 2015",none,,,
DC-Chol/DOTAP/EPC 1:1:1,100,0,7.4,165,25,64,2,"Soemaa, Willemsa, Jiskootb, Amorija, Kerstenab, 2015",none,,,
DC-Chol,100,0,7.4,178,25,71,4,"Soemaa, Willemsa, Jiskootb, Amorija, Kerstenab, 2015",none,,,
DOTAP,100,0,7.4,165,25,69,3,"Soemaa, Willemsa, Jiskootb, Amorija, Kerstenab, 2015",none,,,
EPC,100,0,7.4,198,25,0.5,0.1,"Soemaa, Willemsa, Jiskootb, Amorija, Kerstenab, 2015",none,,,
DOPE/DOTAP/EPC 1:1:1,100,0,7.4,163,25,58,2,"Soemaa, Willemsa, Jiskootb, Amorija, Kerstenab, 2015",none,,,
DOPE/DC-Chol/EPC 1:1:1,100,0,7.4,170,25,40,1,"Soemaa, Willemsa, Jiskootb, Amorija, Kerstenab, 2015",none,,,
DOPE/DC-Chol/DOTAP 1:1:1,100,0,7.4,170,25,68,3,"Soemaa, Willemsa, Jiskootb, Amorija, Kerstenab, 2015",none,,,
DOPE/DC-Chol/DOTAP/EPC 1:1:1:1,100,0,7.4,160,25,61,3,"Soemaa, Willemsa, Jiskootb, Amorija, Kerstenab, 2015",none,,,
DOPE/DC-Chol/DOTAP/EPC 1:1:1:1,100,0,7.4,165,25,62,3,"Soemaa, Willemsa, Jiskootb, Amorija, Kerstenab, 2015",none,,,
DOPE/DC-Chol/DOTAP/EPC 1:1:1:1,100,0,7.4,163,25,60,2.5,"Soemaa, Willemsa, Jiskootb, Amorija, Kerstenab, 2015",none,,,
DOPE/DC-Chol/DOTAP/EPC 1:1:1:1,100,0,7.4,168,25,59,3.5,"Soemaa, Willemsa, Jiskootb, Amorija, Kerstenab, 2015",none,,,
DMPC,0,0,7.4,2500,8,-7.1,0.7,"Morini, Sierra, Pedron, Alarcon, Appignanesi, Disalvo, 2015",none,,,
DMPC,0,0,7.4,2400,18,-8.8,0.8,"Morini, Sierra, Pedron, Alarcon, Appignanesi, Disalvo, 2015",none,,,
DMPC,0,0,7.4,1600,35,-18,1.1,"Morini, Sierra, Pedron, Alarcon, Appignanesi, Disalvo, 2015",none,,,
DMPC,0,0,7.4,70,8,-7.6,0.8,"Morini, Sierra, Pedron, Alarcon, Appignanesi, Disalvo, 2015",none,,,
DMPC,0,0,7.4,70,18,-9.4,0.9,"Morini, Sierra, Pedron, Alarcon, Appignanesi, Disalvo, 2015",none,,,
DMPC,0,0,7.4,70,35,-20,1.4,"Morini, Sierra, Pedron, Alarcon, Appignanesi, Disalvo, 2015",none,,,
DMPC,1,0,7.4,4300,8,7.9,0.7,"Morini, Sierra, Pedron, Alarcon, Appignanesi, Disalvo, 2015",salt: Kcl,,,
DMPC,1,0,7.4,5100,18,6.1,0.5,"Morini, Sierra, Pedron, Alarcon, Appignanesi, Disalvo, 2015",salt: Kcl,,,
DMPC,1,0,7.4,2500,35,-7.5,0.6,"Morini, Sierra, Pedron, Alarcon, Appignanesi, Disalvo, 2015",salt: Kcl,,,
DMPC,1,0,7.4,70,8,3.1,0.3,"Morini, Sierra, Pedron, Alarcon, Appignanesi, Disalvo, 2015",salt: Kcl,,,
DMPC,1,0,7.4,70,18,0.5,0.1,"Morini, Sierra, Pedron, Alarcon, Appignanesi, Disalvo, 2015",salt: Kcl,,,
DMPC,1,0,7.4,70,35,-10,0.7,"Morini, Sierra, Pedron, Alarcon, Appignanesi, Disalvo, 2015",salt: Kcl,,,
DMPC,1,0,7.4,6200,8,15,0.9,"Morini, Sierra, Pedron, Alarcon, Appignanesi, Disalvo, 2015",salt: KClO4,,,
DMPC,1,0,7.4,3100,18,11,0.8,"Morini, Sierra, Pedron, Alarcon, Appignanesi, Disalvo, 2015",salt: KClO4,,,
DMPC,1,0,7.4,2500,35,-10,0.7,"Morini, Sierra, Pedron, Alarcon, Appignanesi, Disalvo, 2015",salt: KClO4,,,
DMPC,1,0,7.4,70,8,0.61,0.1,"Morini, Sierra, Pedron, Alarcon, Appignanesi, Disalvo, 2015",salt: KClO4,,,
DMPC,1,0,7.4,70,18,-0.72,0.1,"Morini, Sierra, Pedron, Alarcon, Appignanesi, Disalvo, 2015",salt: KClO4,,,
DMPC,1,0,7.4,70,35,-11,0.7,"Morini, Sierra, Pedron, Alarcon, Appignanesi, Disalvo, 2015",salt: KClO4,,,
DPPC,0,0,7.4,9300,18,8.1,0.6,"Morini, Sierra, Pedron, Alarcon, Appignanesi, Disalvo, 2015",none,,,
DPPC,0,0,7.4,3200,38,5.1,0.5,"Morini, Sierra, Pedron, Alarcon, Appignanesi, Disalvo, 2015",none,,,
DPPC,0,0,7.4,850,48,-11,0.8,"Morini, Sierra, Pedron, Alarcon, Appignanesi, Disalvo, 2015",none,,,
DPPC,0,0,7.4,70,18,2.7,0.3,"Morini, Sierra, Pedron, Alarcon, Appignanesi, Disalvo, 2015",none,,,
DPPC,0,0,7.4,70,38,2.3,0.2,"Morini, Sierra, Pedron, Alarcon, Appignanesi, Disalvo, 2015",none,,,
DPPC,0,0,7.4,70,48,-10,0.7,"Morini, Sierra, Pedron, Alarcon, Appignanesi, Disalvo, 2015",none,,,
DPPC,1,0,7.4,7400,18,-3.5,0.3,"Morini, Sierra, Pedron, Alarcon, Appignanesi, Disalvo, 2015",salt: Kcl,,,
DPPC,1,0,7.4,4300,38,-4.8,0.4,"Morini, Sierra, Pedron, Alarcon, Appignanesi, Disalvo, 2015",salt: Kcl,,,
DPPC,1,0,7.4,1300,48,-16,0.8,"Morini, Sierra, Pedron, Alarcon, Appignanesi, Disalvo, 2015",salt: Kcl,,,
DPPC,1,0,7.4,70,18,0.41,0.1,"Morini, Sierra, Pedron, Alarcon, Appignanesi, Disalvo, 2015",salt: Kcl,,,
DPPC,1,0,7.4,70,38,-2.6,0.2,"Morini, Sierra, Pedron, Alarcon, Appignanesi, Disalvo, 2015",salt: Kcl,,,
DPPC,1,0,7.4,70,48,-16,1.1,"Morini, Sierra, Pedron, Alarcon, Appignanesi, Disalvo, 2015",salt: Kcl,,,
DPPC,1,0,7.4,9300,18,0.91,0.1,"Morini, Sierra, Pedron, Alarcon, Appignanesi, Disalvo, 2015",salt: KClO4,,,
DPPC,1,0,7.4,3300,38,-4.1,0.3,"Morini, Sierra, Pedron, Alarcon, Appignanesi, Disalvo, 2015",salt: KClO4,,,
DPPC,1,0,7.4,910,48,-23,1.1,"Morini, Sierra, Pedron, Alarcon, Appignanesi, Disalvo, 2015",salt: KClO4,,,
DPPC,1,0,7.4,70,18,-2.3,0.2,"Morini, Sierra, Pedron, Alarcon, Appignanesi, Disalvo, 2015",salt: KClO4,,,
DPPC,1,0,7.4,70,38,-9.1,0.7,"Morini, Sierra, Pedron, Alarcon, Appignanesi, Disalvo, 2015",salt: KClO4,,,
DPPC,1,0,7.4,70,48,-30,1.5,"Morini, Sierra, Pedron, Alarcon, Appignanesi, Disalvo, 2015",salt: KClO4,,,
DMPE,0,0,7.4,4600,18,-18,0.9,"Morini, Sierra, Pedron, Alarcon, Appignanesi, Disalvo, 2015",none,,,
DMPE,0,0,7.4,2600,38,-22,1.1,"Morini, Sierra, Pedron, Alarcon, Appignanesi, Disalvo, 2015",none,,,
DMPE,0,0,7.4,550,60,-36,1.8,"Morini, Sierra, Pedron, Alarcon, Appignanesi, Disalvo, 2015",none,,,
DMPE,0,0,7.4,70,18,-29,1.7,"Morini, Sierra, Pedron, Alarcon, Appignanesi, Disalvo, 2015",none,,,
DMPE,0,0,7.4,70,38,-33,1.6,"Morini, Sierra, Pedron, Alarcon, Appignanesi, Disalvo, 2015",none,,,
DMPE,0,0,7.4,70,60,-39,1.8,"Morini, Sierra, Pedron, Alarcon, Appignanesi, Disalvo, 2015",none,,,
DMPE,1,0,7.4,2700,18,-25,1.3,"Morini, Sierra, Pedron, Alarcon, Appignanesi, Disalvo, 2015",salt: Kcl,,,
DMPE,1,0,7.4,2400,38,-28,1.4,"Morini, Sierra, Pedron, Alarcon, Appignanesi, Disalvo, 2015",salt: Kcl,,,
DMPE,1,0,7.4,750,60,-34,1.5,"Morini, Sierra, Pedron, Alarcon, Appignanesi, Disalvo, 2015",salt: Kcl,,,
DMPE,1,0,7.4,70,18,-30,1.8,"Morini, Sierra, Pedron, Alarcon, Appignanesi, Disalvo, 2015",salt: Kcl,,,
DMPE,1,0,7.4,70,38,-34,1.9,"Morini, Sierra, Pedron, Alarcon, Appignanesi, Disalvo, 2015",salt: Kcl,,,
DMPE,1,0,7.4,70,60,-42,2.1,"Morini, Sierra, Pedron, Alarcon, Appignanesi, Disalvo, 2015",salt: Kcl,,,
DMPE,1,0,7.4,2500,18,-25,1.3,"Morini, Sierra, Pedron, Alarcon, Appignanesi, Disalvo, 2015",salt: KClO4,,,
DMPE,1,0,7.4,2100,38,-28,1.4,"Morini, Sierra, Pedron, Alarcon, Appignanesi, Disalvo, 2015",salt: KClO4,,,
DMPE,1,0,7.4,860,60,-35,1.4,"Morini, Sierra, Pedron, Alarcon, Appignanesi, Disalvo, 2015",salt: KClO4,,,
DMPE,1,0,7.4,70,18,-24,1.4,"Morini, Sierra, Pedron, Alarcon, Appignanesi, Disalvo, 2015",salt: KClO4,,,
DMPE,1,0,7.4,70,38,-30,1.7,"Morini, Sierra, Pedron, Alarcon, Appignanesi, Disalvo, 2015",salt: KClO4,,,
DMPE,1,0,7.4,70,60,-38,1.9,"Morini, Sierra, Pedron, Alarcon, Appignanesi, Disalvo, 2015",salt: KClO4,,,
POPC,100,0,7.4,58,25,-5,0.75,"Markones, Drechsler, Kaiser, Kalie, Heerklotz, Fiedler, 2018",none,,,
POPC/POPG 95:5,100,0,7.4,58,25,-11.5,1.3,"Markones, Drechsler, Kaiser, Kalie, Heerklotz, Fiedler, 2018",none,,,
POPC/POPG 90:10,100,0,7.4,58,25,-16.5,1.5,"Markones, Drechsler, Kaiser, Kalie, Heerklotz, Fiedler, 2018",none,,,
POPC/POPG 85:15,100,0,7.4,58,25,-21,1.5,"Markones, Drechsler, Kaiser, Kalie, Heerklotz, Fiedler, 2018",none,,,
POPC/POPG 82:18,100,0,7.4,58,25,-23.5,0.75,"Markones, Drechsler, Kaiser, Kalie, Heerklotz, Fiedler, 2018",none,,,
POPC/POPG 80:20,100,0,7.4,58,25,-25,0.3,"Markones, Drechsler, Kaiser, Kalie, Heerklotz, Fiedler, 2018",none,,,
POPC/POPG 79:21,100,0,7.4,58,25,-27,0.5,"Markones, Drechsler, Kaiser, Kalie, Heerklotz, Fiedler, 2018",none,,,
POPC/POPG 76:24,100,0,7.4,58,25,-29,1,"Markones, Drechsler, Kaiser, Kalie, Heerklotz, Fiedler, 2018",none,,,
POPC/POPG 68:32,100,0,7.4,58,25,-33,1,"Markones, Drechsler, Kaiser, Kalie, Heerklotz, Fiedler, 2018",none,,,
POPC/POPG 55:45,100,0,7.4,58,25,-37.5,1,"Markones, Drechsler, Kaiser, Kalie, Heerklotz, Fiedler, 2018",none,,,
POPC/POPG 34:66,100,0,7.4,58,25,-43,1.5,"Markones, Drechsler, Kaiser, Kalie, Heerklotz, Fiedler, 2018",none,,,
DPPC,10,0,7.6,70,25,-3.2,1.2,"Sek, Perczyk, Wydro, Gruszecki, Szczes, 2021",salt: Kcl,,,
DPPC,10,0,7.6,70,25,-4.3,0.7,"Sek, Perczyk, Wydro, Gruszecki, Szczes, 2021",salt: Kcl,,,
POPC/POPG 90:10,0,0,7.5,60,25,-49.5,,"Svirina, Terterov, 2020",none,,,
DOTAP/DOPE 10:5,0,0,7.5,57.8,25,46.8,5.8,"Bellefroid, Reuschb et al, 2021",nachol/ethanol in buffer,,,check
DOTAP/DOPE 1:1,0,0,7.5,57.5,25,43.9,7.9,"Bellefroid, Reuschb et al, 2021",nachol/ethanol in buffer,,,check
DC-Chol/DOPE 10:5,0,0,7.5,45.1,25,56.4,1.7,"Bellefroid, Reuschb et al, 2021",nachol/ethanol in buffer,,,check
DC-Chol/DOPE 1:1,0,0,7.5,64.5,25,54.4,8.6,"Bellefroid, Reuschb et al, 2021",nachol/ethanol in buffer,,,check
DC-Chol/DOPE/DSPE 10:5:5,0,0,7.5,43.5,25,52.9,3.3,"Bellefroid, Reuschb et al, 2021",nachol/ethanol in buffer,,,check
DMPC,5,0,7.4,200,13,-11.5,,"makimo, yamada, kimura, oka, ohsmio, kondo, 1991",size unclear,,,
DMPC,10,0,7.4,200,13,-8,,"makimo, yamada, kimura, oka, ohsmio, kondo, 1991",size unclear,,,
DMPC,20,0,7.4,200,13,-5.5,,"makimo, yamada, kimura, oka, ohsmio, kondo, 1991",size unclear,,,
DMPC,40,0,7.4,200,13,-3,,"makimo, yamada, kimura, oka, ohsmio, kondo, 1991",size unclear,,,
DMPC,60,0,7.4,200,13,-2,,"makimo, yamada, kimura, oka, ohsmio, kondo, 1991",size unclear,,,
DMPC,80,0,7.4,200,13,-0.5,,"makimo, yamada, kimura, oka, ohsmio, kondo, 1991",size unclear,,,
DMPC,100,0,7.4,200,13,1,,"makimo, yamada, kimura, oka, ohsmio, kondo, 1991",size unclear,,,
DMPC,125,0,7.4,200,13,2,,"makimo, yamada, kimura, oka, ohsmio, kondo, 1991",size unclear,,,
DMPC,154,0,7.4,200,13,2,,"makimo, yamada, kimura, oka, ohsmio, kondo, 1991",size unclear,,,
DMPC,5,0,7.4,200,23,-24.5,,"makimo, yamada, kimura, oka, ohsmio, kondo, 1991",size unclear,,,
DMPC,10,0,7.4,200,23,-11.5,,"makimo, yamada, kimura, oka, ohsmio, kondo, 1991",size unclear,,,
DMPC,20,0,7.4,200,23,-9.5,,"makimo, yamada, kimura, oka, ohsmio, kondo, 1991",size unclear,,,
DMPC,40,0,7.4,200,23,-4,,"makimo, yamada, kimura, oka, ohsmio, kondo, 1991",size unclear,,,
DMPC,60,0,7.4,200,23,-2,,"makimo, yamada, kimura, oka, ohsmio, kondo, 1991",size unclear,,,
DMPC,80,0,7.4,200,23,-0.5,,"makimo, yamada, kimura, oka, ohsmio, kondo, 1991",size unclear,,,
DMPC,100,0,7.4,200,23,2,,"makimo, yamada, kimura, oka, ohsmio, kondo, 1991",size unclear,,,
DMPC,125,0,7.4,200,23,-0.5,,"makimo, yamada, kimura, oka, ohsmio, kondo, 1991",size unclear,,,
DMPC,154,0,7.4,200,23,1.5,,"makimo, yamada, kimura, oka, ohsmio, kondo, 1991",size unclear,,,
DMPC,5,0,7.4,200,33,-17,,"makimo, yamada, kimura, oka, ohsmio, kondo, 1991",size unclear,,,
DMPC,10,0,7.4,200,33,-2,,"makimo, yamada, kimura, oka, ohsmio, kondo, 1991",size unclear,,,
DMPC,20,0,7.4,200,33,0,,"makimo, yamada, kimura, oka, ohsmio, kondo, 1991",size unclear,,,
DMPC,40,0,7.4,200,33,1,,"makimo, yamada, kimura, oka, ohsmio, kondo, 1991",size unclear,,,
DMPC,60,0,7.4,200,33,3,,"makimo, yamada, kimura, oka, ohsmio, kondo, 1991",size unclear,,,
DMPC,80,0,7.4,200,33,2.5,,"makimo, yamada, kimura, oka, ohsmio, kondo, 1991",size unclear,,,
DMPC,100,0,7.4,200,33,4.5,,"makimo, yamada, kimura, oka, ohsmio, kondo, 1991",size unclear,,,
DMPC,125,0,7.4,200,33,4.5,,"makimo, yamada, kimura, oka, ohsmio, kondo, 1991",size unclear,,,
DMPC,154,0,7.4,200,33,4,,"makimo, yamada, kimura, oka, ohsmio, kondo, 1991",size unclear,,,
DPPC,5,0,7.4,200,33,-9,,"makimo, yamada, kimura, oka, ohsmio, kondo, 1991",size unclear,,,
DPPC,10,0,7.4,200,33,-6,,"makimo, yamada, kimura, oka, ohsmio, kondo, 1991",size unclear,,,
DPPC,20,0,7.4,200,33,-2.5,,"makimo, yamada, kimura, oka, ohsmio, kondo, 1991",size unclear,,,
DPPC,40,0,7.4,200,33,-6,,"makimo, yamada, kimura, oka, ohsmio, kondo, 1991",size unclear,,,
DPPC,60,0,7.4,200,33,-3,,"makimo, yamada, kimura, oka, ohsmio, kondo, 1991",size unclear,,,
DPPC,80,0,7.4,200,33,0,,"makimo, yamada, kimura, oka, ohsmio, kondo, 1991",size unclear,,,
DPPC,100,0,7.4,200,33,-1,,"makimo, yamada, kimura, oka, ohsmio, kondo, 1991",size unclear,,,
DPPC,125,0,7.4,200,33,-2,,"makimo, yamada, kimura, oka, ohsmio, kondo, 1991",size unclear,,,
DPPC,154,0,7.4,200,33,-1.5,,"makimo, yamada, kimura, oka, ohsmio, kondo, 1991",size unclear,,,
DPPC,5,0,7.4,200,38,-17,,"makimo, yamada, kimura, oka, ohsmio, kondo, 1991",size unclear,,,
DPPC,10,0,7.4,200,38,-20,,"makimo, yamada, kimura, oka, ohsmio, kondo, 1991",size unclear,,,
DPPC,20,0,7.4,200,38,-6,,"makimo, yamada, kimura, oka, ohsmio, kondo, 1991",size unclear,,,
DPPC,40,0,7.4,200,38,-8,,"makimo, yamada, kimura, oka, ohsmio, kondo, 1991",size unclear,,,
DPPC,60,0,7.4,200,38,-0.5,,"makimo, yamada, kimura, oka, ohsmio, kondo, 1991",size unclear,,,
DPPC,80,0,7.4,200,38,0.5,,"makimo, yamada, kimura, oka, ohsmio, kondo, 1991",size unclear,,,
DPPC,100,0,7.4,200,38,2,,"makimo, yamada, kimura, oka, ohsmio, kondo, 1991",size unclear,,,
DPPC,125,0,7.4,200,38,1.5,,"makimo, yamada, kimura, oka, ohsmio, kondo, 1991",size unclear,,,
DPPC,154,0,7.4,200,38,2,,"makimo, yamada, kimura, oka, ohsmio, kondo, 1991",size unclear,,,
DPPC,5,0,7.4,200,53,-15.5,,"makimo, yamada, kimura, oka, ohsmio, kondo, 1991",size unclear,,,
DPPC,10,0,7.4,200,53,-13.5,,"makimo, yamada, kimura, oka, ohsmio, kondo, 1991",size unclear,,,
DPPC,20,0,7.4,200,53,-9,,"makimo, yamada, kimura, oka, ohsmio, kondo, 1991",size unclear,,,
DPPC,40,0,7.4,200,53,-5,,"makimo, yamada, kimura, oka, ohsmio, kondo, 1991",size unclear,,,
DPPC,60,0,7.4,200,53,-3.5,,"makimo, yamada, kimura, oka, ohsmio, kondo, 1991",size unclear,,,
DPPC,80,0,7.4,200,53,-2.5,,"makimo, yamada, kimura, oka, ohsmio, kondo, 1991",size unclear,,,
DPPC,100,0,7.4,200,53,0,,"makimo, yamada, kimura, oka, ohsmio, kondo, 1991",size unclear,,,
DPPC,125,0,7.4,200,53,-0.5,,"makimo, yamada, kimura, oka, ohsmio, kondo, 1991",size unclear,,,
DPPC,154,0,7.4,200,53,1,,"makimo, yamada, kimura, oka, ohsmio, kondo, 1991",size unclear,,,
DSPC,5,0,7.4,200,45,-6.5,,"makimo, yamada, kimura, oka, ohsmio, kondo, 1991",size unclear,,,
DSPC,10,0,7.4,200,45,-1,,"makimo, yamada, kimura, oka, ohsmio, kondo, 1991",size unclear,,,
DSPC,20,0,7.4,200,45,0.5,,"makimo, yamada, kimura, oka, ohsmio, kondo, 1991",size unclear,,,
DSPC,40,0,7.4,200,45,3,,"makimo, yamada, kimura, oka, ohsmio, kondo, 1991",size unclear,,,
DSPC,60,0,7.4,200,45,5,,"makimo, yamada, kimura, oka, ohsmio, kondo, 1991",size unclear,,,
DSPC,80,0,7.4,200,45,5,,"makimo, yamada, kimura, oka, ohsmio, kondo, 1991",size unclear,,,
DSPC,100,0,7.4,200,45,6.5,,"makimo, yamada, kimura, oka, ohsmio, kondo, 1991",size unclear,,,
DSPC,125,0,7.4,200,45,7.5,,"makimo, yamada, kimura, oka, ohsmio, kondo, 1991",size unclear,,,
DSPC,154,0,7.4,200,45,8.5,,"makimo, yamada, kimura, oka, ohsmio, kondo, 1991",size unclear,,,
DSPC,5,0,7.4,200,50,-19,,"makimo, yamada, kimura, oka, ohsmio, kondo, 1991",size unclear,,,
DSPC,10,0,7.4,200,50,-10.5,,"makimo, yamada, kimura, oka, ohsmio, kondo, 1991",size unclear,,,
DSPC,20,0,7.4,200,50,-5.5,,"makimo, yamada, kimura, oka, ohsmio, kondo, 1991",size unclear,,,
DSPC,40,0,7.4,200,50,0,,"makimo, yamada, kimura, oka, ohsmio, kondo, 1991",size unclear,,,
DSPC,60,0,7.4,200,50,3,,"makimo, yamada, kimura, oka, ohsmio, kondo, 1991",size unclear,,,
DSPC,80,0,7.4,200,50,4,,"makimo, yamada, kimura, oka, ohsmio, kondo, 1991",size unclear,,,
DSPC,100,0,7.4,200,50,6.5,,"makimo, yamada, kimura, oka, ohsmio, kondo, 1991",size unclear,,,
DSPC,125,0,7.4,200,50,6,,"makimo, yamada, kimura, oka, ohsmio, kondo, 1991",size unclear,,,
DSPC,154,0,7.4,200,50,8.5,,"makimo, yamada, kimura, oka, ohsmio, kondo, 1991",size unclear,,,
DSPC,5,0,7.4,200,55,-6.5,,"makimo, yamada, kimura, oka, ohsmio, kondo, 1991",size unclear,,,
DSPC,10,0,7.4,200,55,-2.5,,"makimo, yamada, kimura, oka, ohsmio, kondo, 1991",size unclear,,,
DSPC,20,0,7.4,200,55,1,,"makimo, yamada, kimura, oka, ohsmio, kondo, 1991",size unclear,,,
DSPC,40,0,7.4,200,55,5,,"makimo, yamada, kimura, oka, ohsmio, kondo, 1991",size unclear,,,
DSPC,60,0,7.4,200,55,6,,"makimo, yamada, kimura, oka, ohsmio, kondo, 1991",size unclear,,,
DSPC,80,0,7.4,200,55,7,,"makimo, yamada, kimura, oka, ohsmio, kondo, 1991",size unclear,,,
DSPC,100,0,7.4,200,55,9,,"makimo, yamada, kimura, oka, ohsmio, kondo, 1991",size unclear,,,
DSPC,125,0,7.4,200,55,9,,"makimo, yamada, kimura, oka, ohsmio, kondo, 1991",size unclear,,,
DSPC,154,0,7.4,200,55,10.5,,"makimo, yamada, kimura, oka, ohsmio, kondo, 1991",size unclear,,,
PC,,0,7.4,3760,25,-2.45,0.77,"Fatouros, Antimisiaris, 2002","salt conc unclear, mixed tail lengths",,,
DSPC/Chol 80:20,150,0,7.4,55,25,-2.5,0.3,"Silvander, Hannson, Edards (1999)",none,,,
TOCL/POPG/POPE/POPC 2.5:0:58.5:39,100,0,7.4,55,25,-16,1,"Markones, fippel, kaiser, kerechsler, hunte, heerklotz, 2020",buffer: kcl,,,
TOCL/POPG/POPE/POPC 2.5:5:55.5:37,100,0,7.4,55,25,-22,2,"Markones, fippel, kaiser, kerechsler, hunte, heerklotz, 2020",buffer: kcl,,,
TOCL/POPG/POPE/POPC 2.5:10:52.5:35,100,0,7.4,55,25,-24,0.3,"Markones, fippel, kaiser, kerechsler, hunte, heerklotz, 2020",buffer: kcl,,,
TOCL/POPG/POPE/POPC 2.5:15:49.5:33,100,0,7.4,55,25,-31,2,"Markones, fippel, kaiser, kerechsler, hunte, heerklotz, 2020",buffer: kcl,,,
TOCL/POPG/POPE/POPC 2.5:21:45.9:30.6,100,0,7.4,55,25,-35,0.2,"Markones, fippel, kaiser, kerechsler, hunte, heerklotz, 2020",buffer: kcl,,,
TOCL/POPG/POPE/POPC 2.5:22.5:45:30,100,0,7.4,55,25,-37,4,"Markones, fippel, kaiser, kerechsler, hunte, heerklotz, 2020",buffer: kcl,,,
TOCL/POPG/POPE/POPC 2.5:25:43.5:29,100,0,7.4,55,25,-37.5,1,"Markones, fippel, kaiser, kerechsler, hunte, heerklotz, 2020",buffer: kcl,,,
TOCL/POPG/POPE/POPC 2.5:30:40.5:27,100,0,7.4,55,25,-42,1,"Markones, fippel, kaiser, kerechsler, hunte, heerklotz, 2020",buffer: kcl,,,
TOCL/POPG/POPE/POPC 2.5:60:22.5:15,100,0,7.4,55,25,-47,2,"Markones, fippel, kaiser, kerechsler, hunte, heerklotz, 2020",buffer: kcl,,,
DMPC,1,0,7.5,400,20,-13.5,,"Lairon, disalvo, 2009",buffer: kcl,,,
DMPC,3,0,7.5,400,20,-7.5,,"Lairon, disalvo, 2009",buffer: kcl,,,
DMPC,5,0,7.5,400,20,-6.5,,"Lairon, disalvo, 2009",buffer: kcl,,,
DMPC,10,0,7.5,400,20,-5.5,,"Lairon, disalvo, 2009",buffer: kcl,,,
POPC/POPG 96:4,100,0,7.4,58,25,-10.5,2,"Markones, Drechsler, Kaiser, Kalie, Heerklotz, Fiedler, 2018",none,,,
POPC/POPG 89:11,100,0,7.4,58,25,-16.5,1,"Markones, Drechsler, Kaiser, Kalie, Heerklotz, Fiedler, 2018",none,,,
POPC/POPG 84:16,100,0,7.4,58,25,-21.5,0.4,"Markones, Drechsler, Kaiser, Kalie, Heerklotz, Fiedler, 2018",none,,,
POPC/POPG 84:16,100,0,7.4,58,25,-23,0.4,"Markones, Drechsler, Kaiser, Kalie, Heerklotz, Fiedler, 2018",none,,,
POPC/POPG 80:20,100,0,7.4,58,25,-25.5,1,"Markones, Drechsler, Kaiser, Kalie, Heerklotz, Fiedler, 2018",none,,,
POPC/POPG 79:21,100,0,7.4,58,25,-27.5,2.5,"Markones, Drechsler, Kaiser, Kalie, Heerklotz, Fiedler, 2018",none,,,
POPC/POPG 75:25,100,0,7.4,58,25,-29,2,"Markones, Drechsler, Kaiser, Kalie, Heerklotz, Fiedler, 2018",none,,,
POPC/POPG 68:32,100,0,7.4,58,25,-32,1,"Markones, Drechsler, Kaiser, Kalie, Heerklotz, Fiedler, 2018",none,,,
POPC/POPG 58:42,100,0,7.4,58,25,-38.5,1.2,"Markones, Drechsler, Kaiser, Kalie, Heerklotz, Fiedler, 2018",none,,,
POPC/POPG 34:66,100,0,7.4,58,25,-43,1,"Markones, Drechsler, Kaiser, Kalie, Heerklotz, Fiedler, 2018",none,,,
DMPC,10,0,7.4,1000,26,2,0.3,"Tatulian, 1983",variable size ~1 uM,,,
DMPC,10,0,7.4,1000,18,-1.5,0.3,"Tatulian, 1983",variable size ~1 uM,,,
DMPA,10,0,1.5,60,25,-62,,"Le, Ropers, Terrisse, Humbert, 2014",extracted from small figure,,,
DMPA,10,0,2,60,25,-70,,"Le, Ropers, Terrisse, Humbert, 2014",extracted from small figure,,,
DMPA,10,0,3,60,25,-67,,"Le, Ropers, Terrisse, Humbert, 2014",extracted from small figure,,,
DMPA,10,0,4,60,25,-67,,"Le, Ropers, Terrisse, Humbert, 2014",extracted from small figure,,,
DMPA,10,0,5,60,25,-65,,"Le, Ropers, Terrisse, Humbert, 2014",extracted from small figure,,,
DMPA,10,0,6,60,25,-65,,"Le, Ropers, Terrisse, Humbert, 2014",extracted from small figure,,,
DMPA,10,0,7,60,25,-63.5,,"Le, Ropers, Terrisse, Humbert, 2014",extracted from small figure,,,
DMPA,10,0,8,60,25,-62,,"Le, Ropers, Terrisse, Humbert, 2014",extracted from small figure,,,
DMPA,10,0,9,60,25,-62,,"Le, Ropers, Terrisse, Humbert, 2014",extracted from small figure,,,
DMPA,10,0,10,60,25,-62,,"Le, Ropers, Terrisse, Humbert, 2014",extracted from small figure,,,
DMPS,10,0,2,60,25,-15.5,,"Le, Ropers, Terrisse, Humbert, 2014",extracted from small figure,,,
DMPS,10,0,3,60,25,-45,,"Le, Ropers, Terrisse, Humbert, 2014",extracted from small figure,,,
DMPS,10,0,4,60,25,-51,,"Le, Ropers, Terrisse, Humbert, 2014",extracted from small figure,,,
DMPS,10,0,5,60,25,-57,,"Le, Ropers, Terrisse, Humbert, 2014",extracted from small figure,,,
DMPS,10,0,6,60,25,-59,,"Le, Ropers, Terrisse, Humbert, 2014",extracted from small figure,,,
DMPS,10,0,7,60,25,-51,,"Le, Ropers, Terrisse, Humbert, 2014",extracted from small figure,,,
DMPS,10,0,8,60,25,-56,,"Le, Ropers, Terrisse, Humbert, 2014",extracted from small figure,,,
DMPS,10,0,9,60,25,-62,,"Le, Ropers, Terrisse, Humbert, 2014",extracted from small figure,,,
DMPS,10,0,10,60,25,-56,,"Le, Ropers, Terrisse, Humbert, 2014",extracted from small figure,,,
SM,10,0,2,60,25,31,,"Le, Ropers, Terrisse, Humbert, 2014",extracted from small figure,,,
SM,10,0,3,60,25,15.5,,"Le, Ropers, Terrisse, Humbert, 2014",extracted from small figure,,,
SM,10,0,4,60,25,7.5,,"Le, Ropers, Terrisse, Humbert, 2014",extracted from small figure,,,
SM,10,0,5,60,25,1.5,,"Le, Ropers, Terrisse, Humbert, 2014",extracted from small figure,,,
SM,10,0,6,60,25,-9,,"Le, Ropers, Terrisse, Humbert, 2014",extracted from small figure,,,
SM,10,0,7,60,25,-15,,"Le, Ropers, Terrisse, Humbert, 2014",extracted from small figure,,,
SM,10,0,8,60,25,-19.4,,"Le, Ropers, Terrisse, Humbert, 2014",extracted from small figure,,,
SM,10,0,9,60,25,-31,,"Le, Ropers, Terrisse, Humbert, 2014",extracted from small figure,,,
SM,10,0,10,60,25,-26,,"Le, Ropers, Terrisse, Humbert, 2014",extracted from small figure,,,
DMPG,10,0,2,60,25,-61,,"Le, Ropers, Terrisse, Humbert, 2014",extracted from small figure,,,
DMPG,10,0,3,60,25,-64,,"Le, Ropers, Terrisse, Humbert, 2014",extracted from small figure,,,
DMPG,10,0,4,60,25,-64,,"Le, Ropers, Terrisse, Humbert, 2014",extracted from small figure,,,
DMPG,10,0,5,60,25,-70,,"Le, Ropers, Terrisse, Humbert, 2014",extracted from small figure,,,
DMPG,10,0,6,60,25,-74,,"Le, Ropers, Terrisse, Humbert, 2014",extracted from small figure,,,
DMPG,10,0,7,60,25,-73,,"Le, Ropers, Terrisse, Humbert, 2014",extracted from small figure,,,
DMPG,10,0,8,60,25,-74,,"Le, Ropers, Terrisse, Humbert, 2014",extracted from small figure,,,
DMPG,10,0,9,60,25,-76,,"Le, Ropers, Terrisse, Humbert, 2014",extracted from small figure,,,
DMPG,10,0,10,60,25,-74,,"Le, Ropers, Terrisse, Humbert, 2014",extracted from small figure,,,
DMPC,10,0,2,60,25,18.5,,"Le, Ropers, Terrisse, Humbert, 2014",extracted from small figure,,,
DMPC,10,0,3,60,25,4,,"Le, Ropers, Terrisse, Humbert, 2014",extracted from small figure,,,
DMPC,10,0,4,60,25,6,,"Le, Ropers, Terrisse, Humbert, 2014",extracted from small figure,,,
DMPC,10,0,5,60,25,0,,"Le, Ropers, Terrisse, Humbert, 2014",extracted from small figure,,,
DMPC,10,0,6,60,25,-1,,"Le, Ropers, Terrisse, Humbert, 2014",extracted from small figure,,,
DMPC,10,0,7,60,25,-4,,"Le, Ropers, Terrisse, Humbert, 2014",extracted from small figure,,,
DMPC,10,0,8,60,25,-5,,"Le, Ropers, Terrisse, Humbert, 2014",extracted from small figure,,,
DMPC,10,0,9,60,25,-5.5,,"Le, Ropers, Terrisse, Humbert, 2014",extracted from small figure,,,
DMPC,10,0,10,60,25,-6,,"Le, Ropers, Terrisse, Humbert, 2014",extracted from small figure,,,
DMPC/DMPG 87.5:12.5,100,0,8.5,82,25,-12.4,,this study,none,,,
DMPC/DMPG 75:25,100,0,8.5,95,25,-19.67,,this study,none,,,
DMPC/DMPG 62.5:37.5,100,0,8.5,61,25,-22,,this study,none,,,
DMPC/DMPG 50:50,100,0,8.5,82,25,-24.67,,this study,none,,,
DMPC/DMPG 37.5:62.5,100,0,8.5,71,25,-27.1,,this study,none,,,
DMPC/DMPG 25:75,100,0,8.5,82,25,-28.37,,this study,none,,,
DMPC/DMPG 12.5:87.5,100,0,8.5,71,25,-29.1,,this study,none,,,
